{
  "project_info": {
    "project_number": "688100464268",
    "firebase_url": "https://blood-bank-fd5db.firebaseio.com",
    "project_id": "blood-bank-fd5db",
    "storage_bucket": "blood-bank-fd5db.appspot.com"
  },
  "client": [
    {
      "client_info": {
        "mobilesdk_app_id": "1:688100464268:android:80a49d7fead3ebbc",
        "android_client_info": {
          "package_name": "com.bikash.bloodbank"
        }
      },
      "oauth_client": [
        {
          "client_id": "688100464268-1k68i9r8hcplbgi170pk177jl4u52m22.apps.googleusercontent.com",
          "client_type": 1,
          "android_info": {
            "package_name": "com.bikash.bloodbank",
            "certificate_hash": "C14CC0DB6AE52B5B8D9C276A379ACB9F9262B82C"
          }
        },
        {
          "client_id": "688100464268-cj6ao3897g8r2tc7all221t3o7244ssf.apps.googleusercontent.com",
          "client_type": 1,
          "android_info": {
            "package_name": "com.bikash.bloodbank",
            "certificate_hash": "B2F357B4F85F6A8BECE00719999599B7D1846FA4"
          }
        },
        {
          "client_id": "688100464268-se1898f3qk91t57530q3q772pegcloss.apps.googleusercontent.com",
          "client_type": 3
        }
      ],
      "api_key": [
        {
          "current_key": "AIzaSyBS91RsPZd7FVP5lUILrrqwyNfvCMW7Mpg"
        }
      ],
      "services": {
        "analytics_service": {
          "status": 1
        },
        "appinvite_service": {
          "status": 2,
          "other_platform_oauth_client": [
            {
              "client_id": "688100464268-se1898f3qk91t57530q3q772pegcloss.apps.googleusercontent.com",
              "client_type": 3
            }
          ]
        },
        "ads_service": {
          "status": 2
        }
      }
    }
  ],
  "configuration_version": "1"
}